xs,hs,bs
-2400,4100,4100
-2000,4100,4100
-1600,4100,4100
-1200,4100,4100
-800,4100,4100
-400,4100,4100
-200,4100,4100
0,4100,4100
200,4097.58,4098.47
400,4087.91,4095.91
600,4067.27,4089.3
800,4035.35,4078
1000,3992.51,4061.82
1200,3938.94,4040.27
1400,3874.86,4012.77
1600,3800.74,3978.83
1800,3717.06,3937.93
2000,3624.34,3889.51
2200,3523.1,3832.97
2400,3413.95,3767.8
2600,3297.46,3693.49
2800,3174.16,3609.51
3000,3044.56,3515.41
3200,2909.25,3410.87
3400,2768.73,3295.62
3600,2623.4,3169.36
3800,2474.41,3032.87
4000,2324.75,2889.37
4200,2177.87,2743.01
4400,2037.24,2598.28
4600,1905.08,2458.35
4800,1783.09,2325.93
5000,1672.89,2203.71
5200,1575.74,2094.01
5400,1492.56,1998.74
5600,1423.86,1919.2
5800,1369.71,1856.06
6000,1329.67,1809.2
6200,1302.73,1777.61
6400,1287.28,1759.33
6600,1281.08,1751.47
6800,1280,1750
7000,1280,1750
7200,1280,1750
7400,1280,1750
7600,1280,1750
7800,1280,1750
8000,1280,1750
8200,1280,1750
8400,1280,1750
8600,1280,1750
8800,1280,1750
9000,1280,1750
9200,1280,1750
9400,1280,1750
9600,1280,1750
9800,1280,1750
10000,1280,1750
